[
{
  "model": "auth.group",
  "pk": 1,
  "fields": {
    "name": "System Admin",
    "permissions": [
      33,
      34,
      35,
      36,
      25,
      26,
      27,
      28,
      45,
      46,
      47,
      48,
      41,
      42,
      43,
      44,
      29,
      30,
      31,
      32
    ]
  }
},
{
  "model": "auth.group",
  "pk": 2,
  "fields": {
    "name": "Accounts Personnel",
    "permissions": [
      36,
      28,
      37,
      58,
      38,
      40,
      48,
      44,
      32
    ]
  }
},
{
  "model": "auth.group",
  "pk": 3,
  "fields": {
    "name": "Authorizer",
    "permissions": [
      36,
      28,
      57,
      58,
      59,
      40,
      48,
      44,
      32
    ]
  }
},
{
  "model": "auth.group",
  "pk": 4,
  "fields": {
    "name": "Finance Manager",
    "permissions": [
      36,
      28,
      59,
      40,
      48,
      44,
      32
    ]
  }
},
{
  "model": "auth.group",
  "pk": 5,
  "fields": {
    "name": "Director of Finance",
    "permissions": [
      36,
      28,
      57,
      58,
      40,
      48,
      44,
      32
    ]
  }
},
{
  "model": "auth.user",
  "pk": 1,
  "fields": {
    "password": "pbkdf2_sha256$720000$z6XgnOSoiW3htu6K3XrHOF$Zu2ciuJOpcUGefbt46S+MKyu/7FHKNIxMD/PriG0ahI=",
    "last_login": "2026-02-09T09:16:40.426Z",
    "is_superuser": true,
    "username": "wonder",
    "first_name": "",
    "last_name": "",
    "email": "wonderfulntepa3@gmail.com",
    "is_staff": true,
    "is_active": true,
    "date_joined": "2026-02-09T08:37:51.613Z",
    "groups": [],
    "user_permissions": []
  }
},
{
  "model": "auth.user",
  "pk": 2,
  "fields": {
    "password": "pbkdf2_sha256$720000$6taFyXttXQGHbDxoOA28n2$BlIMDQf4As6GQgp2fVfMX1k0BRtMF7LBcknpsWtBpsk=",
    "last_login": "2026-02-28T13:47:38.430Z",
    "is_superuser": false,
    "username": "accounts",
    "first_name": "accounts",
    "last_name": "crwb",
    "email": "accounts@crwb.mw",
    "is_staff": false,
    "is_active": true,
    "date_joined": "2026-02-09T08:42:17.411Z",
    "groups": [
      2
    ],
    "user_permissions": []
  }
},
{
  "model": "auth.user",
  "pk": 3,
  "fields": {
    "password": "pbkdf2_sha256$720000$TBRIcrJZb59dMozrlHimb3$4+IyEo21rATggTBSbsy8ZKhV4JTvqj0LaFi9erNpCk0=",
    "last_login": "2026-02-09T13:01:32.245Z",
    "is_superuser": false,
    "username": "authorizer",
    "first_name": "authorizer",
    "last_name": "crwb",
    "email": "authorizer@crwb.mw",
    "is_staff": false,
    "is_active": true,
    "date_joined": "2026-02-09T08:43:11.516Z",
    "groups": [
      3
    ],
    "user_permissions": []
  }
},
{
  "model": "auth.user",
  "pk": 4,
  "fields": {
    "password": "pbkdf2_sha256$720000$zHVCXsl4kp0KpGGgqAxM1u$fkFCJ48tJZoEcQlh6fpWKz6AkYOTj5jgCOuevVgwbUE=",
    "last_login": "2026-02-28T13:38:54.081Z",
    "is_superuser": true,
    "username": "crbw",
    "first_name": "",
    "last_name": "",
    "email": "crwb@org.mw",
    "is_staff": true,
    "is_active": true,
    "date_joined": "2026-02-28T13:37:54.662Z",
    "groups": [],
    "user_permissions": []
  }
},
{
  "model": "sessions.session",
  "pk": "aa84w9a82n2wvxl7ewz7bco38fro7g5o",
  "fields": {
    "session_data": ".eJxVjDkOwjAQAP-yNbJ8LktKet4Qeb02DiBbylEh_o4ipYB2ZjRvGOO21nFb8jxOAgNYOP0yjumZ2y7kEdu9q9TbOk-s9kQddlG3Lvl1Pdq_QY1LhQHYUNDIl8BB0Apn1FoMoaZsfbGExhVy4rXFTEzRpKJLQu_OJjoqAT5fymw3QA:1vsaZr:-OHQxCP7pnFmCoZwpWbjCY5KIeY4h_-jJCYfkcfgO4o",
    "expire_date": "2026-03-04T05:58:23.424Z"
  }
},
{
  "model": "sessions.session",
  "pk": "nmtppxfqo1xqlmacm7hfkxxnnnt3c7j6",
  "fields": {
    "session_data": ".eJxVjDkOwjAQAP-yNbJ8LktKet4Qeb02DiBbylEh_o4ipYB2ZjRvGOO21nFb8jxOAgNYOP0yjumZ2y7kEdu9q9TbOk-s9kQddlG3Lvl1Pdq_QY1LhQHYUNDIl8BB0Apn1FoMoaZsfbGExhVy4rXFTEzRpKJLQu_OJjoqAT5fymw3QA:1vwKfS:vfO0JHje7Ygvs1-3q28qKxjTaFKqfRNK1GTD9imncjI",
    "expire_date": "2026-03-14T13:47:38.432Z"
  }
},
{
  "model": "eft_app.bank",
  "pk": 1,
  "fields": {
    "bank_name": "National Bank of Malawi",
    "swift_code": "NBMAMWMW",
    "is_active": true,
    "created_by": 1,
    "created_at": "2026-01-19T08:25:01.841Z"
  }
},
{
  "model": "eft_app.bank",
  "pk": 2,
  "fields": {
    "bank_name": "Standard Bank PLC",
    "swift_code": "SBICMWMX",
    "is_active": true,
    "created_by": 1,
    "created_at": "2026-01-19T08:25:02.038Z"
  }
},
{
  "model": "eft_app.bank",
  "pk": 3,
  "fields": {
    "bank_name": "Reserve Bank of Malawi",
    "swift_code": "RBMAMWMW",
    "is_active": true,
    "created_by": 1,
    "created_at": "2026-01-19T08:25:02.221Z"
  }
},
{
  "model": "eft_app.bank",
  "pk": 4,
  "fields": {
    "bank_name": "FDH Bank PLC",
    "swift_code": "FDHFMWMW",
    "is_active": true,
    "created_by": 1,
    "created_at": "2026-01-19T08:25:02.421Z"
  }
},
{
  "model": "eft_app.bank",
  "pk": 5,
  "fields": {
    "bank_name": "NBS Bank PLC",
    "swift_code": "NBSTMWMW",
    "is_active": true,
    "created_by": 1,
    "created_at": "2026-01-19T08:25:02.680Z"
  }
},
{
  "model": "eft_app.bank",
  "pk": 6,
  "fields": {
    "bank_name": "wonder",
    "swift_code": "WNTMWM12344",
    "is_active": false,
    "created_by": 3,
    "created_at": "2026-01-27T12:02:07.455Z"
  }
},
{
  "model": "eft_app.bank",
  "pk": 7,
  "fields": {
    "bank_name": "Centenary Bank Limited",
    "swift_code": "MBBCMWMW",
    "is_active": true,
    "created_by": 1,
    "created_at": "2026-02-09T11:07:50Z"
  }
},
{
  "model": "eft_app.bank",
  "pk": 8,
  "fields": {
    "bank_name": "First Capital Bank PLC",
    "swift_code": "FRCGMWMW",
    "is_active": true,
    "created_by": 1,
    "created_at": "2026-02-09T11:07:50Z"
  }
},
{
  "model": "eft_app.bank",
  "pk": 9,
  "fields": {
    "bank_name": "Ecobank Malawi Limited",
    "swift_code": "ECOCMWMW",
    "is_active": true,
    "created_by": 1,
    "created_at": "2026-02-09T11:07:50Z"
  }
},
{
  "model": "eft_app.bank",
  "pk": 10,
  "fields": {
    "bank_name": "CDH Investment Bank",
    "swift_code": "CDHIMWMW",
    "is_active": true,
    "created_by": 1,
    "created_at": "2026-02-09T11:07:50Z"
  }
},
{
  "model": "eft_app.bank",
  "pk": 11,
  "fields": {
    "bank_name": "MyBucks Banking Corporation",
    "swift_code": "NFBMMWMW",
    "is_active": true,
    "created_by": 1,
    "created_at": "2026-02-09T11:07:50Z"
  }
},
{
  "model": "eft_app.bank",
  "pk": 12,
  "fields": {
    "bank_name": "First Discount House Limited",
    "swift_code": "FDHDMWMW",
    "is_active": true,
    "created_by": 1,
    "created_at": "2026-02-09T11:07:50Z"
  }
},
{
  "model": "eft_app.zone",
  "pk": 1,
  "fields": {
    "zone_code": "HQ_ADMIN",
    "zone_name": "Headquarters (Lilongwe)",
    "description": "",
    "is_active": true,
    "created_at": "2026-01-19T08:25:00.184Z"
  }
},
{
  "model": "eft_app.zone",
  "pk": 2,
  "fields": {
    "zone_code": "KS_ZONE",
    "zone_name": "Kasungu Zone",
    "description": "",
    "is_active": true,
    "created_at": "2026-01-19T08:25:00.347Z"
  }
},
{
  "model": "eft_app.zone",
  "pk": 3,
  "fields": {
    "zone_code": "MP_ZONE",
    "zone_name": "Mponela Zone",
    "description": "",
    "is_active": true,
    "created_at": "2026-01-19T08:25:00.504Z"
  }
},
{
  "model": "eft_app.zone",
  "pk": 4,
  "fields": {
    "zone_code": "SL_ZONE",
    "zone_name": "Salima Zone",
    "description": "",
    "is_active": true,
    "created_at": "2026-01-19T08:25:00.657Z"
  }
},
{
  "model": "eft_app.zone",
  "pk": 5,
  "fields": {
    "zone_code": "DZ_ZONE",
    "zone_name": "Dedza Zone",
    "description": "",
    "is_active": true,
    "created_at": "2026-01-19T08:25:00.805Z"
  }
},
{
  "model": "eft_app.scheme",
  "pk": 1,
  "fields": {
    "scheme_code": "03000101",
    "scheme_name": "HQ Administration",
    "zone": 1,
    "default_cost_center": "03000101",
    "is_active": true,
    "created_at": "2026-01-19T08:25:00.947Z"
  }
},
{
  "model": "eft_app.scheme",
  "pk": 2,
  "fields": {
    "scheme_code": "10019525",
    "scheme_name": "Mponela Main Scheme",
    "zone": 3,
    "default_cost_center": "",
    "is_active": true,
    "created_at": "2026-01-19T08:25:01.114Z"
  }
},
{
  "model": "eft_app.scheme",
  "pk": 3,
  "fields": {
    "scheme_code": "10019524",
    "scheme_name": "Salima Town Scheme",
    "zone": 4,
    "default_cost_center": "",
    "is_active": true,
    "created_at": "2026-01-19T08:25:01.305Z"
  }
},
{
  "model": "eft_app.scheme",
  "pk": 4,
  "fields": {
    "scheme_code": "10019523",
    "scheme_name": "Dedza Boma Scheme",
    "zone": 5,
    "default_cost_center": "",
    "is_active": true,
    "created_at": "2026-01-19T08:25:01.456Z"
  }
},
{
  "model": "eft_app.scheme",
  "pk": 5,
  "fields": {
    "scheme_code": "10019530",
    "scheme_name": "Kasungu Boma Scheme",
    "zone": 2,
    "default_cost_center": "",
    "is_active": true,
    "created_at": "2026-01-19T08:25:01.700Z"
  }
},
{
  "model": "eft_app.scheme",
  "pk": 6,
  "fields": {
    "scheme_code": "SALIMA_01",
    "scheme_name": "Salima",
    "zone": 4,
    "default_cost_center": "",
    "is_active": true,
    "created_at": "2026-02-09T11:10:15Z"
  }
},
{
  "model": "eft_app.scheme",
  "pk": 7,
  "fields": {
    "scheme_code": "SALIMA_02",
    "scheme_name": "Salima Lakeshore",
    "zone": 4,
    "default_cost_center": "",
    "is_active": true,
    "created_at": "2026-02-09T11:10:15Z"
  }
},
{
  "model": "eft_app.scheme",
  "pk": 8,
  "fields": {
    "scheme_code": "SALIMA_03",
    "scheme_name": "Nkhotakota",
    "zone": 4,
    "default_cost_center": "",
    "is_active": true,
    "created_at": "2026-02-09T11:10:15Z"
  }
},
{
  "model": "eft_app.scheme",
  "pk": 9,
  "fields": {
    "scheme_code": "SALIMA_04",
    "scheme_name": "Chipoka",
    "zone": 4,
    "default_cost_center": "",
    "is_active": true,
    "created_at": "2026-02-09T11:10:15Z"
  }
},
{
  "model": "eft_app.scheme",
  "pk": 10,
  "fields": {
    "scheme_code": "SALIMA_05",
    "scheme_name": "Dwangwa",
    "zone": 4,
    "default_cost_center": "",
    "is_active": true,
    "created_at": "2026-02-09T11:10:15Z"
  }
},
{
  "model": "eft_app.scheme",
  "pk": 11,
  "fields": {
    "scheme_code": "DEDZA_01",
    "scheme_name": "Dedza",
    "zone": 5,
    "default_cost_center": "",
    "is_active": true,
    "created_at": "2026-02-09T11:10:15Z"
  }
},
{
  "model": "eft_app.scheme",
  "pk": 12,
  "fields": {
    "scheme_code": "DEDZA_02",
    "scheme_name": "Ntcheu",
    "zone": 5,
    "default_cost_center": "",
    "is_active": true,
    "created_at": "2026-02-09T11:10:15Z"
  }
},
{
  "model": "eft_app.scheme",
  "pk": 13,
  "fields": {
    "scheme_code": "DEDZA_03",
    "scheme_name": "Bunda/Mitundu",
    "zone": 5,
    "default_cost_center": "",
    "is_active": true,
    "created_at": "2026-02-09T11:10:15Z"
  }
},
{
  "model": "eft_app.scheme",
  "pk": 14,
  "fields": {
    "scheme_code": "DEDZA_04",
    "scheme_name": "Bembeke",
    "zone": 5,
    "default_cost_center": "",
    "is_active": true,
    "created_at": "2026-02-09T11:10:15Z"
  }
},
{
  "model": "eft_app.scheme",
  "pk": 15,
  "fields": {
    "scheme_code": "KASUNGU_01",
    "scheme_name": "Kasungu",
    "zone": 2,
    "default_cost_center": "",
    "is_active": true,
    "created_at": "2026-02-09T11:10:15Z"
  }
},
{
  "model": "eft_app.scheme",
  "pk": 16,
  "fields": {
    "scheme_code": "KASUNGU_02",
    "scheme_name": "Mchinji",
    "zone": 2,
    "default_cost_center": "",
    "is_active": true,
    "created_at": "2026-02-09T11:10:15Z"
  }
},
{
  "model": "eft_app.scheme",
  "pk": 17,
  "fields": {
    "scheme_code": "KASUNGU_03",
    "scheme_name": "Kochilira-Kamwendo",
    "zone": 2,
    "default_cost_center": "",
    "is_active": true,
    "created_at": "2026-02-09T11:10:15Z"
  }
},
{
  "model": "eft_app.scheme",
  "pk": 18,
  "fields": {
    "scheme_code": "KASUNGU_04",
    "scheme_name": "Santhe",
    "zone": 2,
    "default_cost_center": "",
    "is_active": true,
    "created_at": "2026-02-09T11:10:15Z"
  }
},
{
  "model": "eft_app.scheme",
  "pk": 19,
  "fields": {
    "scheme_code": "KASUNGU_05",
    "scheme_name": "Mkanda",
    "zone": 2,
    "default_cost_center": "",
    "is_active": true,
    "created_at": "2026-02-09T11:10:15Z"
  }
},
{
  "model": "eft_app.scheme",
  "pk": 20,
  "fields": {
    "scheme_code": "KASUNGU_06",
    "scheme_name": "Kamwendo",
    "zone": 2,
    "default_cost_center": "",
    "is_active": true,
    "created_at": "2026-02-09T11:10:15Z"
  }
},
{
  "model": "eft_app.scheme",
  "pk": 21,
  "fields": {
    "scheme_code": "KASUNGU_07",
    "scheme_name": "Mchinji Border",
    "zone": 2,
    "default_cost_center": "",
    "is_active": true,
    "created_at": "2026-02-09T11:10:15Z"
  }
},
{
  "model": "eft_app.scheme",
  "pk": 22,
  "fields": {
    "scheme_code": "MPONELA_01",
    "scheme_name": "Mponela",
    "zone": 3,
    "default_cost_center": "",
    "is_active": true,
    "created_at": "2026-02-09T11:10:15Z"
  }
},
{
  "model": "eft_app.scheme",
  "pk": 23,
  "fields": {
    "scheme_code": "MPONELA_02",
    "scheme_name": "Madisi",
    "zone": 3,
    "default_cost_center": "",
    "is_active": true,
    "created_at": "2026-02-09T11:10:15Z"
  }
},
{
  "model": "eft_app.scheme",
  "pk": 24,
  "fields": {
    "scheme_code": "MPONELA_03",
    "scheme_name": "Ntchisi",
    "zone": 3,
    "default_cost_center": "",
    "is_active": true,
    "created_at": "2026-02-09T11:10:15Z"
  }
},
{
  "model": "eft_app.scheme",
  "pk": 25,
  "fields": {
    "scheme_code": "MPONELA_04",
    "scheme_name": "Dowa",
    "zone": 3,
    "default_cost_center": "",
    "is_active": true,
    "created_at": "2026-02-09T11:10:15Z"
  }
},
{
  "model": "eft_app.supplier",
  "pk": 1,
  "fields": {
    "supplier_code": "57819",
    "supplier_name": "Bella Enterprise Pvt Ltd",
    "bank": 1,
    "account_number": "2004004560001",
    "account_name": "Bella Enterprise Main",
    "employee_number": "",
    "national_id": "",
    "credit_reference": "",
    "cost_center": "",
    "source": "",
    "is_active": true,
    "created_by": 1,
    "created_at": "2026-01-19T08:32:11.427Z"
  }
},
{
  "model": "eft_app.supplier",
  "pk": 2,
  "fields": {
    "supplier_code": "3",
    "supplier_name": "Anderson",
    "bank": 2,
    "account_number": "91000004",
    "account_name": "Anderson Trading",
    "employee_number": "",
    "national_id": "",
    "credit_reference": "",
    "cost_center": "",
    "source": "",
    "is_active": true,
    "created_by": 1,
    "created_at": "2026-01-19T08:32:11.585Z"
  }
},
{
  "model": "eft_app.supplier",
  "pk": 3,
  "fields": {
    "supplier_code": "408",
    "supplier_name": "CCSECUR",
    "bank": 2,
    "account_number": "12345612",
    "account_name": "City Center Security",
    "employee_number": "",
    "national_id": "",
    "credit_reference": "",
    "cost_center": "",
    "source": "",
    "is_active": true,
    "created_by": 1,
    "created_at": "2026-01-19T08:32:11.743Z"
  }
},
{
  "model": "eft_app.supplier",
  "pk": 4,
  "fields": {
    "supplier_code": "391",
    "supplier_name": "JIBSSEC",
    "bank": 2,
    "account_number": "12345678",
    "account_name": "Jibs Security Services",
    "employee_number": "",
    "national_id": "",
    "credit_reference": "",
    "cost_center": "",
    "source": "",
    "is_active": true,
    "created_by": 1,
    "created_at": "2026-01-19T08:32:11.885Z"
  }
},
{
  "model": "eft_app.supplier",
  "pk": 5,
  "fields": {
    "supplier_code": "392",
    "supplier_name": "EASYACC",
    "bank": 2,
    "account_number": "12345698",
    "account_name": "Easy Access Solutions",
    "employee_number": "",
    "national_id": "",
    "credit_reference": "",
    "cost_center": "",
    "source": "",
    "is_active": true,
    "created_by": 1,
    "created_at": "2026-01-19T08:32:12.118Z"
  }
},
{
  "model": "eft_app.debitaccount",
  "pk": 1,
  "fields": {
    "account_number": "13006161244",
    "account_name": "(ORT) MG Other Recurrent Expenditure A/C",
    "description": "CRWB (ORT) MG Other Recurrent Expenditure A/C",
    "is_active": true,
    "created_at": "2026-01-19T08:25:02.864Z"
  }
},
{
  "model": "eft_app.debitaccount",
  "pk": 2,
  "fields": {
    "account_number": "13006161245",
    "account_name": "(ORT) MG Capital Expenditure A/C",
    "description": "CRWB (ORT) MG Capital Expenditure A/C",
    "is_active": true,
    "created_at": "2026-01-19T08:25:02.997Z"
  }
},
{
  "model": "eft_app.debitaccount",
  "pk": 3,
  "fields": {
    "account_number": "13006161246",
    "account_name": "(ORT) MG Salaries A/C",
    "description": "CRWB (ORT) MG Salaries A/C",
    "is_active": true,
    "created_at": "2026-01-19T08:25:03.155Z"
  }
},
{
  "model": "eft_app.debitaccount",
  "pk": 4,
  "fields": {
    "account_number": "13006161247",
    "account_name": "(ORT) MG Project Funds A/C",
    "description": "CRWB (ORT) MG Project Funds A/C",
    "is_active": true,
    "created_at": "2026-01-19T08:25:03.347Z"
  }
},
{
  "model": "eft_app.debitaccount",
  "pk": 5,
  "fields": {
    "account_number": "34456699805",
    "account_name": "TEST",
    "description": "",
    "is_active": true,
    "created_at": "2026-01-23T06:48:47.950Z"
  }
},
{
  "model": "eft_app.eftbatch",
  "pk": 1,
  "fields": {
    "batch_name": "TEST 1",
    "batch_reference": "CRWB-20260209-091712",
    "currency": "MWK",
    "total_amount": "3000000.00",
    "record_count": 2,
    "status": "APPROVED",
    "file_reference": "CRWB-09.02.2026",
    "debit_account": null,
    "created_by": 2,
    "created_at": "2026-02-09T09:17:12.695Z",
    "updated_at": "2026-02-09T13:01:44.830Z",
    "fm_reviewed_by": null,
    "fm_reviewed_at": null,
    "fm_remarks": "",
    "approved_by": 3,
    "approved_at": "2026-02-09T13:01:44.830Z",
    "rejection_reason": "",
    "generated_file": "0;TEST 1;MWK;3000000.00;0002\r\n1;0001;MWK;13006161244;HQ_ADMIN;1000000.00;Bella Enterprise Pvt Ltd;03000101;;;;NBMAMWMW;2004004560001;;;112222;TEST 1 TO SEE RESULT\r\n1;0002;MWK;13006161247;DZ_ZONE;2000000.00;CCSECUR;DEDZA_01;;;;SBICMWMX;12345612;;;112222;TEST 2 TO SEE RESULT\r\n",
    "generated_at": "2026-02-09T13:02:09.343Z"
  }
},
{
  "model": "eft_app.eftbatch",
  "pk": 2,
  "fields": {
    "batch_name": "TEST 2",
    "batch_reference": "CRWB-20260209-130728",
    "currency": "MWK",
    "total_amount": "0.00",
    "record_count": 0,
    "status": "DRAFT",
    "file_reference": "CRWB-09.02.2026",
    "debit_account": null,
    "created_by": 2,
    "created_at": "2026-02-09T13:07:28.790Z",
    "updated_at": "2026-02-09T13:07:28.790Z",
    "fm_reviewed_by": null,
    "fm_reviewed_at": null,
    "fm_remarks": "",
    "approved_by": null,
    "approved_at": null,
    "rejection_reason": "",
    "generated_file": "",
    "generated_at": null
  }
},
{
  "model": "eft_app.eftbatch",
  "pk": 3,
  "fields": {
    "batch_name": "test6",
    "batch_reference": "CRWB-20260227-142345",
    "currency": "MWK",
    "total_amount": "0.00",
    "record_count": 0,
    "status": "DRAFT",
    "file_reference": "CRWB-27.02.2026",
    "debit_account": null,
    "created_by": 2,
    "created_at": "2026-02-27T14:23:45.259Z",
    "updated_at": "2026-02-27T14:23:45.259Z",
    "fm_reviewed_by": null,
    "fm_reviewed_at": null,
    "fm_remarks": "",
    "approved_by": null,
    "approved_at": null,
    "rejection_reason": "",
    "generated_file": "",
    "generated_at": null
  }
},
{
  "model": "eft_app.eftbatch",
  "pk": 4,
  "fields": {
    "batch_name": "ok first",
    "batch_reference": "CRWB-20260228-132849",
    "currency": "MWK",
    "total_amount": "2000000.00",
    "record_count": 1,
    "status": "PENDING_FM",
    "file_reference": "CRWB-28.02.2026",
    "debit_account": null,
    "created_by": 2,
    "created_at": "2026-02-28T13:28:49.203Z",
    "updated_at": "2026-02-28T13:29:30.886Z",
    "fm_reviewed_by": null,
    "fm_reviewed_at": null,
    "fm_remarks": "",
    "approved_by": null,
    "approved_at": null,
    "rejection_reason": "",
    "generated_file": "",
    "generated_at": null
  }
},
{
  "model": "eft_app.efttransaction",
  "pk": 2,
  "fields": {
    "batch": 1,
    "sequence_number": "0001",
    "debit_account": 1,
    "supplier": 1,
    "scheme": 1,
    "zone": 1,
    "amount": "1000000.00",
    "narration": "TEST 1 TO SEE RESULT",
    "reference_number": "112222",
    "source_reference": "",
    "employee_number": "",
    "national_id": "",
    "cost_center": "03000101",
    "created_at": "2026-02-09T13:00:06.810Z"
  }
},
{
  "model": "eft_app.efttransaction",
  "pk": 3,
  "fields": {
    "batch": 1,
    "sequence_number": "0002",
    "debit_account": 4,
    "supplier": 3,
    "scheme": 11,
    "zone": 5,
    "amount": "2000000.00",
    "narration": "TEST 2 TO SEE RESULT",
    "reference_number": "112222",
    "source_reference": "",
    "employee_number": "",
    "national_id": "",
    "cost_center": "03000101",
    "created_at": "2026-02-09T13:00:57.058Z"
  }
},
{
  "model": "eft_app.efttransaction",
  "pk": 4,
  "fields": {
    "batch": 4,
    "sequence_number": "0001",
    "debit_account": 1,
    "supplier": 1,
    "scheme": 21,
    "zone": 2,
    "amount": "2000000.00",
    "narration": "TEST 2 TO SEE RESULT",
    "reference_number": "112222",
    "source_reference": "fsffs",
    "employee_number": "2355",
    "national_id": "864tgf",
    "cost_center": "03000101",
    "created_at": "2026-02-28T13:29:22.732Z"
  }
},
{
  "model": "eft_app.approvalauditlog",
  "pk": 1,
  "fields": {
    "batch": 1,
    "action": "SUBMITTED",
    "user": 2,
    "timestamp": "2026-02-09T13:01:12.098Z",
    "remarks": "",
    "ip_address": "127.0.0.1"
  }
},
{
  "model": "eft_app.approvalauditlog",
  "pk": 2,
  "fields": {
    "batch": 1,
    "action": "APPROVED",
    "user": 3,
    "timestamp": "2026-02-09T13:01:44.833Z",
    "remarks": "OKY",
    "ip_address": "127.0.0.1"
  }
},
{
  "model": "eft_app.approvalauditlog",
  "pk": 3,
  "fields": {
    "batch": 1,
    "action": "EXPORTED",
    "user": 3,
    "timestamp": "2026-02-09T13:02:09.345Z",
    "remarks": "Exported as TXT",
    "ip_address": "127.0.0.1"
  }
},
{
  "model": "eft_app.approvalauditlog",
  "pk": 4,
  "fields": {
    "batch": 4,
    "action": "SUBMITTED",
    "user": 2,
    "timestamp": "2026-02-28T13:29:30.890Z",
    "remarks": "",
    "ip_address": "127.0.0.1"
  }
}
]
